"Senator1","Senator2","Weight2014","Weight2015","Weight2016","Weight2017"
"Ruggerio","Prata",NA,NA,0.994389901823282,1
"Ruggerio","Goldin",0.97752808988764,0.994845360824742,0.995575221238938,1
"Ruggerio","Satchell",0.987261146496815,0.992021276595745,0.98978102189781,1
"Ruggerio","Nesselbush",0.987692307692308,0.99740932642487,0.996491228070175,0.945945945945946
"Ruggerio","Picard",0.988924050632911,0.989795918367347,0.994334277620397,1
"Ruggerio","Calkin",NA,NA,NA,0.947368421052632
"Ruggerio","Archambault",0.995391705069124,0.997455470737914,1,1
"Ruggerio","Cote",0.96742671009772,0.982188295165394,0.981507823613087,1
"Ruggerio","Kettle",0.967840735068913,0.948979591836735,0.929853181076672,0.947368421052632
"Ruggerio","Rumsey",0.991883116883117,NA,NA,NA
"Ruggerio","Raptakis",0.976076555023923,0.985714285714286,0.958260869565217,1
"Ruggerio","Seveney",NA,NA,NA,1
"Ruggerio","Crowley",0.993067590987868,1,0.996575342465753,1
"Ruggerio","Algiere",0.990683229813665,1,0.940425531914894,0.973684210526316
"Ruggerio","Jabour",0.993874425727412,0.9846547314578,0.988748241912799,1
"Ruggerio","Ponte",0.994535519125683,1,0.994169096209913,1
"Ruggerio","Pagliarini",NA,NA,0.796373779637378,NA
"Ruggerio","Gallo",0.99075500770416,0.997237569060773,0.997167138810198,1
"Ruggerio","Coyne",NA,0.994858611825193,0.997167138810198,1
"Ruggerio","Morgan",NA,0.924870466321243,0.805633802816901,0.914285714285714
"Ruggerio","Metts",0.986153846153846,0.994871794871795,0.985775248933144,0.971428571428571
"Ruggerio","Sosnowski",0.996835443037975,1,0.997202797202797,1
"Ruggerio","Gee",NA,0.951156812339332,0.918881118881119,0.945945945945946
"Ruggerio","Lynch",0.993836671802773,1,NA,NA
"Ruggerio","Neill",0.964396284829721,0.961240310077519,0.829861111111111,NA
"Ruggerio","Doyle",0.995073891625616,1,0.996575342465753,1
"Ruggerio","Goodwin",0.996941896024465,1,0.998544395924309,1
"Ruggerio","Ciccone",0.994623655913978,1,0.994108983799705,1
"Ruggerio","Weed",0.996927803379416,1,0.996969696969697,1
"Ruggerio","Conley",0.99388379204893,1,0.995726495726496,1
"Ruggerio","Hodgson",0.974882260596546,NA,NA,NA
"Ruggerio","Lombardo",0.99021207177814,1,0.996563573883162,1
"Ruggerio","Felag",0.993710691823899,1,0.984528832630098,1
"Ruggerio","Walaska",0.990430622009569,0.997389033942559,0.995253164556962,NA
"Ruggerio","Pearson",0.990580847723705,0.997118155619596,0.995652173913044,1
"Ruggerio","Paolino",NA,NA,NA,0.945945945945946
"Ruggerio","Pichardo",0.985623003194888,0.99406528189911,0.998425196850394,NA
"Ruggerio","Sheehan",0.983739837398374,1,0.981790591805766,0.972222222222222
"Ruggerio","Fogarty",0.99151103565365,0.994832041343669,0.995804195804196,1
"Ruggerio","Miller",0.990521327014218,0.997402597402597,1,1
"Ruggerio","DiPalma",0.989708404802744,0.997319034852547,0.994374120956399,1
"Ruggerio","McCaffrey",0.988941548183254,1,1,1
"Ruggerio","Quezada",NA,NA,NA,1
"Ruggerio","Bates",0.981366459627329,NA,NA,NA
"Ruggerio","Ottiano",0.989096573208723,1,NA,NA
"Ruggerio","Lombardi",0.993865030674847,0.997448979591837,1,1
"Prata","Goldin",NA,NA,0.98962962962963,1
"Prata","Satchell",NA,NA,0.986803519061584,1
"Prata","Nesselbush",NA,NA,0.99294532627866,0.948717948717949
"Prata","Picard",NA,NA,0.988636363636364,1
"Prata","Calkin",NA,NA,NA,0.95
"Prata","Archambault",NA,NA,0.99438202247191,1
"Prata","Cote",NA,NA,0.982905982905983,1
"Prata","Kettle",NA,NA,0.929508196721311,0.95
"Prata","Rumsey",NA,NA,NA,NA
"Prata","Raptakis",NA,NA,0.958188153310105,1
"Prata","Seveney",NA,NA,NA,1
"Prata","Crowley",NA,NA,0.989690721649485,1
"Prata","Algiere",NA,NA,0.935988620199147,0.975
"Prata","Jabour",NA,NA,0.98589562764457,1
"Prata","Ponte",NA,NA,0.995614035087719,1
"Prata","Pagliarini",NA,NA,0.802797202797203,NA
"Prata","Gallo",NA,NA,0.994318181818182,1
"Prata","Coyne",NA,NA,0.991477272727273,1
"Prata","Morgan",NA,NA,0.809322033898305,0.918918918918919
"Prata","Metts",NA,NA,0.981428571428571,0.972972972972973
"Prata","Sosnowski",NA,NA,0.991584852734923,1
"Prata","Gee",NA,NA,0.917251051893408,0.948717948717949
"Prata","Lynch",NA,NA,NA,NA
"Prata","Neill",NA,NA,0.829268292682927,NA
"Prata","Doyle",NA,NA,0.993162393162393,1
"Prata","Goodwin",NA,NA,0.992690058479532,1
"Prata","Ciccone",NA,NA,0.99112426035503,1
"Prata","Weed",NA,NA,0.993939393939394,1
"Prata","Conley",NA,NA,0.995708154506438,1
"Prata","Hodgson",NA,NA,NA,NA
"Prata","Lombardo",NA,NA,0.996551724137931,1
"Prata","Felag",NA,NA,0.984463276836158,1
"Prata","Walaska",NA,NA,0.992050874403816,NA
"Prata","Pearson",NA,NA,0.992732558139535,1
"Prata","Paolino",NA,NA,NA,0.948717948717949
"Prata","Pichardo",NA,NA,0.992076069730586,NA
"Prata","Sheehan",NA,NA,0.97869101978691,0.973684210526316
"Prata","Fogarty",NA,NA,0.995792426367461,1
"Prata","Miller",NA,NA,0.995137763371151,1
"Prata","DiPalma",NA,NA,0.988700564971751,1
"Prata","McCaffrey",NA,NA,0.994293865905849,1
"Prata","Quezada",NA,NA,NA,1
"Prata","Bates",NA,NA,NA,NA
"Prata","Ottiano",NA,NA,NA,NA
"Prata","Lombardi",NA,NA,1,1
"Goldin","Satchell",0.982171799027553,0.992718446601942,0.989180834621329,1
"Goldin","Nesselbush",0.978056426332288,0.992890995260663,0.998148148148148,0.944444444444444
"Goldin","Picard",0.977491961414791,0.985948477751756,0.994011976047904,1
"Goldin","Calkin",NA,NA,NA,0.944444444444444
"Goldin","Archambault",0.98125,0.993006993006993,0.995562130177515,1
"Goldin","Cote",0.957983193277311,0.979020979020979,0.980480480480481,1
"Goldin","Kettle",0.954758190327613,0.948598130841122,0.929553264604811,0.944444444444444
"Goldin","Rumsey",0.990131578947368,NA,NA,NA
"Goldin","Raptakis",0.960975609756098,0.981481481481482,0.957875457875458,1
"Goldin","Seveney",NA,NA,NA,1
"Goldin","Crowley",0.97887323943662,1,0.996389891696751,1
"Goldin","Algiere",0.974723538704581,0.995157384987893,0.935532233883059,0.972222222222222
"Goldin","Jabour",0.978193146417445,0.981264637002342,0.983679525222552,1
"Goldin","Ponte",0.977611940298508,1,0.993827160493827,1
"Goldin","Pagliarini",NA,NA,0.786450662739323,NA
"Goldin","Gallo",0.987480438184664,0.992146596858639,0.992526158445441,1
"Goldin","Coyne",NA,0.990498812351544,0.997005988023952,1
"Goldin","Morgan",NA,0.92654028436019,0.797619047619048,0.909090909090909
"Goldin","Metts",0.982594936708861,0.992857142857143,0.984939759036145,0.96969696969697
"Goldin","Sosnowski",0.98389694041868,0.995157384987893,0.997045790251108,1
"Goldin","Gee",NA,0.948235294117647,0.912979351032448,0.942857142857143
"Goldin","Lynch",0.978227060653188,0.995271867612293,NA,NA
"Goldin","Neill",0.949286846275753,0.959810874704492,0.829357798165138,NA
"Goldin","Doyle",0.986577181208054,1,0.994505494505495,1
"Goldin","Goodwin",0.981337480559876,0.995271867612293,0.996951219512195,1
"Goldin","Ciccone",0.984536082474227,0.997183098591549,0.990654205607477,1
"Goldin","Weed",0.981220657276995,0.995327102803738,0.996789727126806,1
"Goldin","Conley",0.984375,0.995169082125604,0.991058122205663,1
"Goldin","Hodgson",0.957006369426752,NA,NA,NA
"Goldin","Lombardo",0.98,0.994910941475827,0.992740471869328,1
"Goldin","Felag",0.979133226324238,0.995283018867924,0.979197622585438,1
"Goldin","Walaska",0.975609756097561,0.992840095465394,0.995,NA
"Goldin","Pearson",0.976038338658147,0.994764397905759,0.99079754601227,1
"Goldin","Paolino",NA,NA,NA,0.942857142857143
"Goldin","Pichardo",0.987012987012987,0.99171270718232,0.996655518394649,NA
"Goldin","Sheehan",0.975257731958763,0.99749373433584,0.980738362760835,0.972222222222222
"Goldin","Fogarty",0.984402079722704,0.990543735224586,0.991137370753324,1
"Goldin","Miller",0.983948635634029,0.997607655502392,0.99486301369863,1
"Goldin","DiPalma",0.973913043478261,0.992700729927007,0.99405646359584,1
"Goldin","McCaffrey",0.987158908507223,0.993827160493827,0.997001499250375,1
"Goldin","Quezada",NA,NA,NA,1
"Goldin","Bates",0.96513470681458,NA,NA,NA
"Goldin","Ottiano",0.979591836734694,0.997542997542998,NA,NA
"Goldin","Lombardi",0.977917981072555,0.992990654205608,0.996190476190476,1
"Satchell","Nesselbush",0.987748851454824,0.990267639902676,0.994464944649446,0.948717948717949
"Satchell","Picard",0.985849056603774,0.983451536643026,0.995555555555556,1
"Satchell","Calkin",NA,NA,NA,0.954545454545455
"Satchell","Archambault",0.989312977099237,0.990588235294118,0.989751098096633,1
"Satchell","Cote",0.96551724137931,0.976470588235294,0.983679525222552,1
"Satchell","Kettle",0.958841463414634,0.957647058823529,0.941880341880342,0.954545454545455
"Satchell","Rumsey",0.990322580645161,NA,NA,NA
"Satchell","Raptakis",0.965023847376789,0.978494623655914,0.965454545454545,1
"Satchell","Seveney",NA,NA,NA,1
"Satchell","Crowley",0.988095238095238,0.994505494505495,0.991304347826087,1
"Satchell","Algiere",0.981481481481482,0.992665036674817,0.952522255192878,0.977272727272727
"Satchell","Jabour",0.987823439878234,0.978723404255319,0.983823529411765,1
"Satchell","Ponte",0.992766726943942,0.994652406417112,0.992469879518072,1
"Satchell","Pagliarini",NA,NA,0.800291545189504,NA
"Satchell","Gallo",0.990811638591118,0.989583333333333,0.988165680473373,1
"Satchell","Coyne",NA,0.997601918465228,0.992603550295858,1
"Satchell","Morgan",NA,0.935406698564593,0.819117647058824,0.926829268292683
"Satchell","Metts",0.986089644513138,0.987980769230769,0.982142857142857,0.975609756097561
"Satchell","Sosnowski",0.993710691823899,0.992628992628993,0.992690058479532,1
"Satchell","Gee",NA,0.954869358669834,0.931286549707602,0.953488372093023
"Satchell","Lynch",0.987748851454824,0.992840095465394,NA,NA
"Satchell","Neill",0.955038759689922,0.961904761904762,0.839416058394161,NA
"Satchell","Doyle",0.996747967479675,0.993548387096774,0.990974729241877,1
"Satchell","Goodwin",0.990881458966565,0.992874109263658,0.99236641221374,1
"Satchell","Ciccone",0.994736842105263,0.994269340974212,0.984567901234568,1
"Satchell","Weed",0.990825688073395,0.992941176470588,0.992076069730586,1
"Satchell","Conley",0.993893129770992,0.99273607748184,0.988059701492537,1
"Satchell","Hodgson",0.963949843260188,NA,NA,NA
"Satchell","Lombardo",0.990180032733224,0.994858611825193,0.990974729241877,1
"Satchell","Felag",0.982758620689655,0.992840095465394,0.976435935198822,1
"Satchell","Walaska",0.984126984126984,0.990196078431373,0.991708126036484,NA
"Satchell","Pearson",0.984591679506934,0.989690721649485,0.985185185185185,1
"Satchell","Paolino",NA,NA,NA,0.953488372093023
"Satchell","Pichardo",0.985714285714286,0.985994397759104,0.990306946688207,NA
"Satchell","Sheehan",0.982035928143713,0.99492385786802,0.986024844720497,0.975609756097561
"Satchell","Fogarty",0.98974358974359,0.992840095465394,0.988304093567251,1
"Satchell","Miller",0.985871271585557,0.995145631067961,0.98981324278438,1
"Satchell","DiPalma",0.981196581196581,0.99017199017199,0.989690721649485,1
"Satchell","McCaffrey",0.990595611285266,0.990566037735849,0.992559523809524,1
"Satchell","Quezada",NA,NA,NA,1
"Satchell","Bates",0.972434915773354,NA,NA,NA
"Satchell","Ottiano",0.98297213622291,0.992555831265509,NA,NA
"Satchell","Lombardi",0.987673343605547,0.990566037735849,0.990566037735849,1
"Nesselbush","Picard",0.983257229832572,0.990610328638498,0.996422182468694,0.948717948717949
"Nesselbush","Calkin",NA,NA,NA,1
"Nesselbush","Archambault",0.989644970414201,0.995327102803738,0.996497373029772,0.948717948717949
"Nesselbush","Cote",0.971518987341772,0.988317757009346,0.982238010657194,0.948717948717949
"Nesselbush","Kettle",0.963072378138848,0.955503512880562,0.927689594356261,0.897435897435897
"Nesselbush","Rumsey",0.989079563182527,NA,NA,NA
"Nesselbush","Raptakis",0.969230769230769,0.984251968503937,0.961797752808989,1
"Nesselbush","Seveney",NA,NA,NA,0.948717948717949
"Nesselbush","Crowley",0.988372093023256,1,1,0.947368421052632
"Nesselbush","Algiere",0.985052316890882,0.997572815533981,0.941071428571429,0.923076923076923
"Nesselbush","Jabour",0.988200589970501,0.983568075117371,0.982425307557118,0.948717948717949
"Nesselbush","Ponte",0.987740805604203,0.997333333333333,0.998171846435101,0.931034482758621
"Nesselbush","Pagliarini",NA,NA,0.801754385964912,NA
"Nesselbush","Gallo",0.991097922848665,0.994736842105263,0.99468085106383,1
"Nesselbush","Coyne",NA,0.992857142857143,1,0.945945945945946
"Nesselbush","Morgan",NA,0.935866983372922,0.817699115044248,0.861111111111111
"Nesselbush","Metts",0.980568011958146,0.992840095465394,0.985714285714286,0.972222222222222
"Nesselbush","Sosnowski",0.993911719939117,0.997566909975669,1,0.948717948717949
"Nesselbush","Gee",NA,0.957547169811321,0.929701230228471,0.894736842105263
"Nesselbush","Lynch",0.989614243323442,0.997630331753555,NA,NA
"Nesselbush","Neill",0.963963963963964,0.966824644549763,0.821428571428571,NA
"Nesselbush","Doyle",0.992050874403816,0.996763754045307,0.997732426303855,1
"Nesselbush","Goodwin",0.991163475699558,0.997630331753555,1,0.935483870967742
"Nesselbush","Ciccone",0.995169082125604,0.997159090909091,0.992619926199262,0.944444444444444
"Nesselbush","Weed",0.991111111111111,0.997658079625293,1,0.931034482758621
"Nesselbush","Conley",0.994082840236686,0.997578692493947,0.992792792792793,0.948717948717949
"Nesselbush","Hodgson",0.974203338391502,NA,NA,NA
"Nesselbush","Lombardo",0.995253164556962,0.997448979591837,0.992592592592593,0.948717948717949
"Nesselbush","Felag",0.983308042488619,0.997630331753555,0.980530973451327,0.945945945945946
"Nesselbush","Walaska",0.986175115207373,0.997613365155131,0.996447602131439,NA
"Nesselbush","Pearson",0.981873111782477,0.99737532808399,0.990859232175503,0.948717948717949
"Nesselbush","Paolino",NA,NA,NA,0.894736842105263
"Nesselbush","Pichardo",0.986196319018405,0.991643454038997,0.9979633401222,NA
"Nesselbush","Sheehan",0.982352941176471,0.997481108312343,0.98292220113852,0.972972972972973
"Nesselbush","Fogarty",0.988486842105263,0.992890995260663,0.992982456140351,0.948717948717949
"Nesselbush","Miller",0.984802431610942,0.995180722891566,0.99601593625498,0.947368421052632
"Nesselbush","DiPalma",0.988467874794069,1,0.996447602131439,0.945945945945946
"Nesselbush","McCaffrey",0.98936170212766,0.996884735202492,1,0.948717948717949
"Nesselbush","Quezada",NA,NA,NA,0.947368421052632
"Nesselbush","Bates",0.979010494752624,NA,NA,NA
"Nesselbush","Ottiano",0.986506746626687,0.997536945812808,NA,NA
"Nesselbush","Lombardi",0.988077496274218,0.995316159250585,0.996078431372549,0.947368421052632
"Picard","Calkin",NA,NA,NA,0.955555555555556
"Picard","Archambault",0.987860394537178,0.988636363636364,0.994326241134752,1
"Picard","Cote",0.977161500815661,0.984090909090909,0.98705035971223,1
"Picard","Kettle",0.966666666666667,0.954441913439636,0.935215946843854,0.955555555555556
"Picard","Rumsey",0.985576923076923,NA,NA,NA
"Picard","Raptakis",0.979462875197472,0.981958762886598,0.964664310954064,1
"Picard","Seveney",NA,NA,NA,1
"Picard","Crowley",0.985099337748344,0.992042440318302,0.996581196581197,1
"Picard","Algiere",0.989263803680982,0.990566037735849,0.943965517241379,0.977777777777778
"Picard","Jabour",0.986384266263237,0.977168949771689,0.988603988603989,1
"Picard","Ponte",0.989547038327526,0.989690721649485,0.994186046511628,1
"Picard","Pagliarini",NA,NA,0.798022598870056,NA
"Picard","Gallo",0.986322188449848,0.987244897959184,0.992826398852224,1
"Picard","Coyne",NA,0.986111111111111,0.997130559540889,1
"Picard","Morgan",NA,0.928406466512702,0.808844507845934,0.928571428571429
"Picard","Metts",0.981566820276498,0.986078886310905,0.985569985569986,0.976190476190476
"Picard","Sosnowski",0.990895295902883,0.992890995260663,0.997167138810198,1
"Picard","Gee",NA,0.94954128440367,0.924929178470255,0.954545454545455
"Picard","Lynch",0.986322188449848,0.990783410138249,NA,NA
"Picard","Neill",0.961479198767334,0.960829493087558,0.839222614840989,NA
"Picard","Doyle",0.991830065359477,0.993630573248408,0.993055555555556,1
"Picard","Goodwin",0.989425981873112,0.990783410138249,0.997045790251108,1
"Picard","Ciccone",0.984042553191489,0.989010989010989,0.989536621823617,1
"Picard","Weed",0.98936170212766,0.990888382687927,0.996932515337423,1
"Picard","Conley",0.98937784522003,0.990588235294118,0.989884393063584,1
"Picard","Hodgson",0.975155279503106,NA,NA,NA
"Picard","Lombardo",0.988617886178862,0.99009900990099,0.993006993006993,1
"Picard","Felag",0.987538940809969,0.990783410138249,0.978601997146933,1
"Picard","Walaska",0.985804416403785,0.990543735224586,0.993548387096774,NA
"Picard","Pearson",0.992248062015504,0.99238578680203,0.989720998531571,1
"Picard","Paolino",NA,NA,NA,0.954545454545455
"Picard","Pichardo",0.981072555205047,0.983870967741935,0.995192307692308,NA
"Picard","Sheehan",0.994163424124514,0.990220048899755,0.987692307692308,0.976190476190476
"Picard","Fogarty",0.98811544991511,0.986175115207373,0.990084985835694,1
"Picard","Miller",0.979719188767551,0.992974238875878,0.99344262295082,1
"Picard","DiPalma",0.979661016949153,0.988095238095238,0.994293865905849,1
"Picard","McCaffrey",0.984423676012461,0.987987987987988,0.997118155619596,1
"Picard","Quezada",NA,NA,NA,1
"Picard","Bates",0.98,NA,NA,NA
"Picard","Ottiano",0.989247311827957,0.990430622009569,NA,NA
"Picard","Lombardi",0.986217457886677,0.988610478359909,0.992660550458716,1
"Calkin","Archambault",NA,NA,NA,0.955555555555556
"Calkin","Cote",NA,NA,NA,0.954545454545455
"Calkin","Kettle",NA,NA,NA,0.911111111111111
"Calkin","Rumsey",NA,NA,NA,NA
"Calkin","Raptakis",NA,NA,NA,1
"Calkin","Seveney",NA,NA,NA,0.955555555555556
"Calkin","Crowley",NA,NA,NA,0.953488372093023
"Calkin","Algiere",NA,NA,NA,0.933333333333333
"Calkin","Jabour",NA,NA,NA,0.955555555555556
"Calkin","Ponte",NA,NA,NA,0.942857142857143
"Calkin","Pagliarini",NA,NA,NA,NA
"Calkin","Gallo",NA,NA,NA,1
"Calkin","Coyne",NA,NA,NA,0.953488372093023
"Calkin","Morgan",NA,NA,NA,0.880952380952381
"Calkin","Metts",NA,NA,NA,0.976190476190476
"Calkin","Sosnowski",NA,NA,NA,0.95
"Calkin","Gee",NA,NA,NA,0.909090909090909
"Calkin","Lynch",NA,NA,NA,NA
"Calkin","Neill",NA,NA,NA,NA
"Calkin","Doyle",NA,NA,NA,1
"Calkin","Goodwin",NA,NA,NA,0.945945945945946
"Calkin","Ciccone",NA,NA,NA,0.952380952380952
"Calkin","Weed",NA,NA,NA,0.942857142857143
"Calkin","Conley",NA,NA,NA,0.955555555555556
"Calkin","Hodgson",NA,NA,NA,NA
"Calkin","Lombardo",NA,NA,NA,0.955555555555556
"Calkin","Felag",NA,NA,NA,0.953488372093023
"Calkin","Walaska",NA,NA,NA,NA
"Calkin","Pearson",NA,NA,NA,0.955555555555556
"Calkin","Paolino",NA,NA,NA,0.909090909090909
"Calkin","Pichardo",NA,NA,NA,NA
"Calkin","Sheehan",NA,NA,NA,0.976190476190476
"Calkin","Fogarty",NA,NA,NA,0.955555555555556
"Calkin","Miller",NA,NA,NA,0.954545454545455
"Calkin","DiPalma",NA,NA,NA,0.953488372093023
"Calkin","McCaffrey",NA,NA,NA,0.955555555555556
"Calkin","Quezada",NA,NA,NA,0.954545454545455
"Calkin","Bates",NA,NA,NA,NA
"Calkin","Ottiano",NA,NA,NA,NA
"Calkin","Lombardi",NA,NA,NA,0.954545454545455
"Archambault","Cote",0.966981132075472,0.981900452488688,0.981481481481482,1
"Archambault","Kettle",0.96759941089838,0.952380952380952,0.929967426710098,0.955555555555556
"Archambault","Rumsey",0.993808049535604,NA,NA,NA
"Archambault","Raptakis",0.976993865030675,0.989717223650386,0.958188153310105,1
"Archambault","Seveney",NA,NA,NA,1
"Archambault","Crowley",0.995033112582781,0.997361477572559,0.996563573883162,1
"Archambault","Algiere",0.989583333333333,0.997652582159624,0.940340909090909,0.977777777777778
"Archambault","Jabour",0.995588235294118,0.988636363636364,0.988732394366197,1
"Archambault","Ponte",0.996533795493934,0.997429305912596,0.994169096209913,1
"Archambault","Pagliarini",NA,NA,0.797486033519553,NA
"Archambault","Gallo",0.992603550295858,0.99492385786802,0.997163120567376,1
"Archambault","Coyne",NA,0.993087557603687,0.997163120567376,1
"Archambault","Morgan",NA,0.931034482758621,0.806770098730606,0.928571428571429
"Archambault","Metts",0.982089552238806,0.993071593533487,0.985734664764622,0.976190476190476
"Archambault","Sosnowski",0.998482549317147,0.997641509433962,0.997198879551821,1
"Archambault","Gee",NA,0.952054794520548,0.918767507002801,0.954545454545455
"Archambault","Lynch",0.995562130177515,0.997706422018349,NA,NA
"Archambault","Neill",0.96274217585693,0.967889908256881,0.830155979202773,NA
"Archambault","Doyle",0.998422712933754,0.996825396825397,0.996569468267582,1
"Archambault","Goodwin",0.998531571218796,0.997706422018349,0.998542274052478,1
"Archambault","Ciccone",0.990430622009569,0.997267759562842,0.994091580502216,1
"Archambault","Weed",0.998522895125554,0.997732426303855,0.996965098634294,1
"Archambault","Conley",0.995581737849779,0.997658079625293,0.995714285714286,1
"Archambault","Hodgson",0.972768532526475,NA,NA,NA
"Archambault","Lombardo",0.993690851735016,0.997536945812808,0.996569468267582,1
"Archambault","Felag",0.990963855421687,0.997706422018349,0.984485190409027,1
"Archambault","Walaska",0.992378048780488,0.995294117647059,0.995253164556962,NA
"Archambault","Pearson",0.989457831325301,0.994936708860759,0.995645863570392,1
"Archambault","Paolino",NA,NA,NA,0.954545454545455
"Archambault","Pichardo",0.987748851454824,0.991957104557641,0.998417721518987,NA
"Archambault","Sheehan",0.98252427184466,0.997566909975669,0.981762917933131,0.976190476190476
"Archambault","Fogarty",0.993464052287582,0.993119266055046,0.995798319327731,1
"Archambault","Miller",0.986363636363636,0.995337995337995,1,1
"Archambault","DiPalma",0.991789819376026,0.995260663507109,0.994358251057828,1
"Archambault","McCaffrey",0.990950226244344,0.997014925373134,1,1
"Archambault","Quezada",NA,NA,NA,1
"Archambault","Bates",0.980568011958146,NA,NA,NA
"Archambault","Ottiano",0.988041853512706,0.997619047619048,NA,NA
"Archambault","Lombardi",0.995535714285714,1,1,1
"Cote","Kettle",0.966824644549763,0.965986394557823,0.945544554455445,0.954545454545455
"Cote","Rumsey",0.963317384370016,NA,NA,NA
"Cote","Raptakis",0.980230642504119,0.982005141388175,0.971731448763251,1
"Cote","Seveney",NA,NA,NA,1
"Cote","Crowley",0.964221824686941,0.986807387862797,0.984375,1
"Cote","Algiere",0.97444089456869,0.983568075117371,0.94949494949495,0.977272727272727
"Cote","Jabour",0.965299684542587,0.970454545454545,0.984263233190272,1
"Cote","Ponte",0.966542750929368,0.984575835475578,0.986666666666667,1
"Cote","Pagliarini",NA,NA,0.805673758865248,NA
"Cote","Gallo",0.96513470681458,0.979695431472081,0.982708933717579,1
"Cote","Coyne",NA,0.97926267281106,0.987031700288184,1
"Cote","Morgan",NA,0.944827586206897,0.818311874105865,0.926829268292683
"Cote","Metts",0.965079365079365,0.979214780600462,0.972582972582973,0.975609756097561
"Cote","Sosnowski",0.967479674796748,0.985849056603774,0.984352773826458,1
"Cote","Gee",NA,0.961187214611872,0.924608819345661,0.953488372093023
"Cote","Lynch",0.968253968253968,0.98394495412844,NA,NA
"Cote","Neill",0.969889064976228,0.958715596330275,0.845342706502636,NA
"Cote","Doyle",0.969105691056911,0.984126984126984,0.986086956521739,1
"Cote","Goodwin",0.968503937007874,0.98394495412844,0.983679525222552,1
"Cote","Ciccone",0.980582524271845,0.980874316939891,0.976011994002999,1
"Cote","Weed",0.968454258675079,0.984126984126984,0.984591679506934,1
"Cote","Conley",0.968454258675079,0.983606557377049,0.978229317851959,1
"Cote","Hodgson",0.977346278317152,NA,NA,NA
"Cote","Lombardo",0.972881355932203,0.982758620689655,0.986086956521739,1
"Cote","Felag",0.966129032258065,0.98394495412844,0.967095851216023,1
"Cote","Walaska",0.968852459016393,0.985882352941176,0.980707395498392,NA
"Cote","Pearson",0.977346278317152,0.984810126582279,0.979381443298969,1
"Cote","Paolino",NA,NA,NA,0.953488372093023
"Cote","Pichardo",0.962295081967213,0.975871313672922,0.985553772070626,NA
"Cote","Sheehan",0.971774193548387,0.982968369829684,0.984615384615385,0.975609756097561
"Cote","Fogarty",0.964705882352941,0.979357798165138,0.981507823613087,1
"Cote","Miller",0.957792207792208,0.983682983682984,0.978723404255319,1
"Cote","DiPalma",0.971880492091388,0.985781990521327,0.981375358166189,1
"Cote","McCaffrey",0.962903225806452,0.97910447761194,0.984104046242775,1
"Cote","Quezada",NA,NA,NA,1
"Cote","Bates",0.980738362760835,NA,NA,NA
"Cote","Ottiano",0.9728,0.983333333333333,NA,NA
"Cote","Lombardi",0.966772151898734,0.981859410430839,0.979963570127505,1
"Kettle","Rumsey",0.962732919254658,NA,NA,NA
"Kettle","Raptakis",0.977029096477795,0.956185567010309,0.942268041237113,0.951219512195122
"Kettle","Seveney",NA,NA,NA,0.955555555555556
"Kettle","Crowley",0.966942148760331,0.952380952380952,0.931958762886598,0.953488372093023
"Kettle","Algiere",0.979166666666667,0.952941176470588,0.981757877280265,0.977777777777778
"Kettle","Jabour",0.966226138032305,0.940774487471526,0.933006535947712,0.955555555555556
"Kettle","Ponte",0.965217391304348,0.951030927835051,0.932546374367622,0.942857142857143
"Kettle","Pagliarini",NA,NA,0.854812398042414,NA
"Kettle","Gallo",0.963072378138848,0.946700507614213,0.932454695222405,0.933333333333333
"Kettle","Coyne",NA,0.958429561200924,0.935323383084577,0.953488372093023
"Kettle","Morgan",NA,0.965437788018433,0.892915980230643,0.976190476190476
"Kettle","Metts",0.95230998509687,0.949074074074074,0.920792079207921,0.928571428571429
"Kettle","Sosnowski",0.968181818181818,0.955082742316785,0.933115823817292,0.95
"Kettle","Gee",NA,0.967963386727689,0.975490196078431,1
"Kettle","Lynch",0.96602658788774,0.954022988505747,NA,NA
"Kettle","Neill",0.98355754857997,0.960919540229885,0.893542757417103,NA
"Kettle","Doyle",0.965189873417722,0.95859872611465,0.929460580912863,0.928571428571429
"Kettle","Goodwin",0.969208211143695,0.954022988505747,0.929794520547945,0.972972972972973
"Kettle","Ciccone",0.966346153846154,0.947945205479452,0.924657534246575,0.952380952380952
"Kettle","Weed",0.969026548672566,0.954545454545455,0.939068100358423,0.942857142857143
"Kettle","Conley",0.966126656848306,0.953051643192488,0.924749163879599,0.955555555555556
"Kettle","Hodgson",0.969788519637462,NA,NA,NA
"Kettle","Lombardo",0.965354330708661,0.953086419753086,0.937823834196891,0.955555555555556
"Kettle","Felag",0.966767371601209,0.954022988505747,0.924342105263158,0.953488372093023
"Kettle","Walaska",0.966360856269113,0.957547169811321,0.933774834437086,NA
"Kettle","Pearson",0.968421052631579,0.949238578680203,0.935483870967742,0.955555555555556
"Kettle","Paolino",NA,NA,NA,1
"Kettle","Pichardo",0.957186544342508,0.943548387096774,0.941729323308271,NA
"Kettle","Sheehan",0.961013645224172,0.951219512195122,0.938488576449912,0.928571428571429
"Kettle","Fogarty",0.973727422003284,0.963218390804598,0.929738562091503,0.955555555555556
"Kettle","Miller",0.956127080181543,0.955607476635514,0.919540229885057,0.954545454545455
"Kettle","DiPalma",0.96551724137931,0.954869358669834,0.929042904290429,0.953488372093023
"Kettle","McCaffrey",0.960665658093797,0.946107784431138,0.931780366056572,0.955555555555556
"Kettle","Quezada",NA,NA,NA,0.954545454545455
"Kettle","Bates",0.977611940298508,NA,NA,NA
"Kettle","Ottiano",0.97910447761194,0.952267303102625,NA,NA
"Kettle","Lombardi",0.965824665676077,0.952272727272727,0.938405797101449,0.954545454545455
"Rumsey","Raptakis",0.972447325769854,NA,NA,NA
"Rumsey","Seveney",NA,NA,NA,NA
"Rumsey","Crowley",0.991212653778559,NA,NA,NA
"Rumsey","Algiere",0.985849056603774,NA,NA,NA
"Rumsey","Jabour",0.992248062015504,NA,NA,NA
"Rumsey","Ponte",0.992660550458716,NA,NA,NA
"Rumsey","Pagliarini",NA,NA,NA,NA
"Rumsey","Gallo",0.996879875195008,NA,NA,NA
"Rumsey","Coyne",NA,NA,NA,NA
"Rumsey","Morgan",NA,NA,NA,NA
"Rumsey","Metts",0.985826771653543,NA,NA,NA
"Rumsey","Sosnowski",0.995207667731629,NA,NA,NA
"Rumsey","Gee",NA,NA,NA,NA
"Rumsey","Lynch",0.992211838006231,NA,NA,NA
"Rumsey","Neill",0.9578125,NA,NA,NA
"Rumsey","Doyle",0.993589743589744,NA,NA,NA
"Rumsey","Goodwin",0.995356037151703,NA,NA,NA
"Rumsey","Ciccone",0.990430622009569,NA,NA,NA
"Rumsey","Weed",0.995341614906832,NA,NA,NA
"Rumsey","Conley",0.995334370139969,NA,NA,NA
"Rumsey","Hodgson",0.968102073365231,NA,NA,NA
"Rumsey","Lombardo",0.991652754590985,NA,NA,NA
"Rumsey","Felag",0.987281399046105,NA,NA,NA
"Rumsey","Walaska",0.990338164251208,NA,NA,NA
"Rumsey","Pearson",0.985691573926868,NA,NA,NA
"Rumsey","Paolino",NA,NA,NA,NA
"Rumsey","Pichardo",0.991909385113269,NA,NA,NA
"Rumsey","Sheehan",0.980237154150198,NA,NA,NA
"Rumsey","Fogarty",0.993377483443709,NA,NA,NA
"Rumsey","Miller",0.995207667731629,NA,NA,NA
"Rumsey","DiPalma",0.98780487804878,NA,NA,NA
"Rumsey","McCaffrey",0.995245641838352,NA,NA,NA
"Rumsey","Quezada",NA,NA,NA,NA
"Rumsey","Bates",0.976340694006309,NA,NA,NA
"Rumsey","Ottiano",0.9875,NA,NA,NA
"Rumsey","Lombardi",0.992150706436421,NA,NA,NA
"Raptakis","Seveney",NA,NA,NA,1
"Raptakis","Crowley",0.970588235294118,0.987730061349693,0.960084033613445,1
"Raptakis","Algiere",0.984496124031008,0.986631016042781,0.954703832752613,0.975609756097561
"Raptakis","Jabour",0.972477064220184,0.976744186046512,0.964973730297723,1
"Raptakis","Ponte",0.974499089253188,0.985163204747775,0.965579710144927,1
"Raptakis","Pagliarini",NA,NA,0.818024263431542,NA
"Raptakis","Gallo",0.969325153374233,0.982456140350877,0.961199294532628,1
"Raptakis","Coyne",NA,0.981627296587926,0.963222416812609,1
"Raptakis","Morgan",NA,0.934725848563969,0.835664335664336,0.921052631578947
"Raptakis","Metts",0.961300309597523,0.981627296587926,0.957522123893805,0.975609756097561
"Raptakis","Sosnowski",0.974723538704581,0.989583333333333,0.961739130434783,1
"Raptakis","Gee",NA,0.955844155844156,0.930555555555556,0.95
"Raptakis","Lynch",0.972307692307692,0.987113402061856,NA,NA
"Raptakis","Neill",0.976708074534162,0.968831168831169,0.858369098712446,NA
"Raptakis","Doyle",0.975288303130148,0.98576512455516,0.960707269155206,1
"Raptakis","Goodwin",0.975572519083969,0.986945169712794,0.960573476702509,1
"Raptakis","Ciccone",0.972527472527473,0.990566037735849,0.954128440366973,1
"Raptakis","Weed",0.97542242703533,0.987113402061856,0.961832061068702,1
"Raptakis","Conley",0.97239263803681,0.986737400530504,0.955985915492958,1
"Raptakis","Hodgson",0.973228346456693,NA,NA,NA
"Raptakis","Lombardo",0.972039473684211,0.985915492957746,0.969365426695842,1
"Raptakis","Felag",0.979591836734694,0.987080103359173,0.947368421052632,1
"Raptakis","Walaska",0.976114649681529,0.983870967741935,0.966135458167331,NA
"Raptakis","Pearson",0.974921630094044,0.982507288629738,0.953153153153153,1
"Raptakis","Paolino",NA,NA,NA,0.95
"Raptakis","Pichardo",0.963317384370016,0.984567901234568,0.967871485943775,NA
"Raptakis","Sheehan",0.979959919839679,0.986033519553073,0.975047984644914,1
"Raptakis","Fogarty",0.97598627787307,0.984334203655353,0.958333333333333,1
"Raptakis","Miller",0.962264150943396,0.986807387862797,0.952182952182952,1
"Raptakis","DiPalma",0.976027397260274,0.984496124031008,0.961605584642234,1
"Raptakis","McCaffrey",0.970031545741325,0.989690721649485,0.960992907801418,1
"Raptakis","Quezada",NA,NA,NA,1
"Raptakis","Bates",0.981395348837209,NA,NA,NA
"Raptakis","Ottiano",0.982892690513219,0.986376021798365,NA,NA
"Raptakis","Lombardi",0.975232198142415,0.989690721649485,0.960556844547564,1
"Seveney","Crowley",NA,NA,NA,1
"Seveney","Algiere",NA,NA,NA,0.977777777777778
"Seveney","Jabour",NA,NA,NA,1
"Seveney","Ponte",NA,NA,NA,1
"Seveney","Pagliarini",NA,NA,NA,NA
"Seveney","Gallo",NA,NA,NA,1
"Seveney","Coyne",NA,NA,NA,1
"Seveney","Morgan",NA,NA,NA,0.928571428571429
"Seveney","Metts",NA,NA,NA,0.976190476190476
"Seveney","Sosnowski",NA,NA,NA,1
"Seveney","Gee",NA,NA,NA,0.954545454545455
"Seveney","Lynch",NA,NA,NA,NA
"Seveney","Neill",NA,NA,NA,NA
"Seveney","Doyle",NA,NA,NA,1
"Seveney","Goodwin",NA,NA,NA,1
"Seveney","Ciccone",NA,NA,NA,1
"Seveney","Weed",NA,NA,NA,1
"Seveney","Conley",NA,NA,NA,1
"Seveney","Hodgson",NA,NA,NA,NA
"Seveney","Lombardo",NA,NA,NA,1
"Seveney","Felag",NA,NA,NA,1
"Seveney","Walaska",NA,NA,NA,NA
"Seveney","Pearson",NA,NA,NA,1
"Seveney","Paolino",NA,NA,NA,0.954545454545455
"Seveney","Pichardo",NA,NA,NA,NA
"Seveney","Sheehan",NA,NA,NA,0.976190476190476
"Seveney","Fogarty",NA,NA,NA,1
"Seveney","Miller",NA,NA,NA,1
"Seveney","DiPalma",NA,NA,NA,1
"Seveney","McCaffrey",NA,NA,NA,1
"Seveney","Quezada",NA,NA,NA,1
"Seveney","Bates",NA,NA,NA,NA
"Seveney","Ottiano",NA,NA,NA,NA
"Seveney","Lombardi",NA,NA,NA,1
"Crowley","Algiere",0.988274706867672,1,0.943396226415094,0.976744186046512
"Crowley","Jabour",0.996699669966997,0.984084880636605,0.984455958549223,1
"Crowley","Ponte",0.994219653179191,1,0.996527777777778,1
"Crowley","Pagliarini",NA,NA,0.795221843003413,NA
"Crowley","Gallo",0.990033222591362,0.997118155619596,0.996515679442509,1
"Crowley","Coyne",NA,0.994638069705094,1,1
"Crowley","Morgan",NA,0.938172043010753,0.796551724137931,0.925
"Crowley","Metts",0.978187919463087,0.994594594594595,0.986038394415358,0.975
"Crowley","Sosnowski",0.996688741721854,1,1,1
"Crowley","Gee",NA,0.960212201591512,0.919382504288165,0.952380952380952
"Crowley","Lynch",0.993355481727575,1,NA,NA
"Crowley","Neill",0.961279461279461,0.967914438502674,0.828888888888889,NA
"Crowley","Doyle",0.99468085106383,1,0.995934959349594,1
"Crowley","Goodwin",0.99670510708402,1,1,1
"Crowley","Ciccone",0.994285714285714,1,0.992753623188406,1
"Crowley","Weed",0.996683250414594,1,1,1
"Crowley","Conley",0.993377483443709,1,0.991452991452991,1
"Crowley","Hodgson",0.974489795918367,NA,NA,NA
"Crowley","Lombardo",0.989601386481802,1,0.991130820399113,1
"Crowley","Felag",0.991482112436116,1,0.979310344827586,1
"Crowley","Walaska",0.989708404802744,0.997252747252747,0.99601593625498,NA
"Crowley","Pearson",0.986440677966102,1,0.993103448275862,1
"Crowley","Paolino",NA,NA,NA,0.952380952380952
"Crowley","Pichardo",0.987910189982729,0.996894409937888,0.998095238095238,NA
"Crowley","Sheehan",0.978991596638655,1,0.985294117647059,0.975
"Crowley","Fogarty",0.990706319702602,0.994652406417112,0.993138936535163,1
"Crowley","Miller",0.982993197278912,1,0.995918367346939,1
"Crowley","DiPalma",0.989169675090253,1,0.996569468267582,1
"Crowley","McCaffrey",0.991467576791809,1,1,1
"Crowley","Quezada",NA,NA,NA,1
"Crowley","Bates",0.978405315614618,NA,NA,NA
"Crowley","Ottiano",0.98655462184874,1,NA,NA
"Crowley","Lombardi",0.993311036789298,0.997354497354497,0.995327102803738,1
"Algiere","Jabour",0.988112927191679,0.985849056603774,0.94151212553495,0.977777777777778
"Algiere","Ponte",0.989417989417989,1,0.942307692307692,0.971428571428571
"Algiere","Pagliarini",NA,NA,0.857142857142857,NA
"Algiere","Gallo",0.985052316890882,0.997368421052632,0.942528735632184,0.966666666666667
"Algiere","Coyne",NA,0.995238095238095,0.943965517241379,0.976744186046512
"Algiere","Morgan",NA,0.931116389548694,0.868571428571429,0.952380952380952
"Algiere","Metts",0.974358974358974,0.995203836930456,0.933526011560694,0.952380952380952
"Algiere","Sosnowski",0.99079754601227,1,0.941843971631206,0.975
"Algiere","Gee",NA,0.95260663507109,0.965957446808511,0.977272727272727
"Algiere","Lynch",0.988041853512706,1,NA,NA
"Algiere","Neill",0.97428139183056,0.964285714285714,0.893992932862191,NA
"Algiere","Doyle",0.988782051282051,1,0.939965694682676,0.964285714285714
"Algiere","Goodwin",0.991097922848665,1,0.940828402366864,1
"Algiere","Ciccone",0.980582524271845,1,0.932735426008969,0.976190476190476
"Algiere","Weed",0.991044776119403,1,0.944615384615385,0.971428571428571
"Algiere","Conley",0.988095238095238,1,0.936324167872648,0.977777777777778
"Algiere","Hodgson",0.981651376146789,NA,NA,NA
"Algiere","Lombardo",0.988835725677831,1,0.947552447552448,0.977777777777778
"Algiere","Felag",0.989296636085627,1,0.94,0.976744186046512
"Algiere","Walaska",0.989180834621329,0.997555012224939,0.945072697899838,NA
"Algiere","Pearson",0.990977443609023,0.997448979591837,0.93859649122807,0.977777777777778
"Algiere","Paolino",NA,NA,NA,0.977272727272727
"Algiere","Pichardo",0.979907264296754,0.994428969359331,0.948635634028893,NA
"Algiere","Sheehan",0.988188976377953,1,0.949152542372881,0.952380952380952
"Algiere","Fogarty",0.988372093023256,0.995238095238095,0.940425531914894,0.977777777777778
"Algiere","Miller",0.978560490045942,0.997578692493947,0.932676518883415,0.977272727272727
"Algiere","DiPalma",0.983416252072968,0.997536945812808,0.938571428571429,0.976744186046512
"Algiere","McCaffrey",0.983154670750383,1,0.940922190201729,0.977777777777778
"Algiere","Quezada",NA,NA,NA,0.977272727272727
"Algiere","Bates",0.992447129909366,NA,NA,NA
"Algiere","Ottiano",1,1,NA,NA
"Algiere","Lombardi",0.98796992481203,0.997647058823529,0.946788990825688,0.977272727272727
"Jabour","Ponte",0.994782608695652,0.984536082474227,0.982430453879941,1
"Jabour","Pagliarini",NA,NA,0.805049088359046,NA
"Jabour","Gallo",0.991150442477876,0.982188295165394,0.992897727272727,1
"Jabour","Coyne",NA,0.981481481481482,0.985754985754986,1
"Jabour","Morgan",NA,0.933025404157044,0.811614730878187,0.928571428571429
"Jabour","Metts",0.980654761904762,0.981438515081206,0.974212034383954,0.976190476190476
"Jabour","Sosnowski",0.996974281391831,0.985781990521327,0.985935302390999,1
"Jabour","Gee",NA,0.940366972477064,0.921237693389592,0.954545454545455
"Jabour","Lynch",0.994100294985251,0.986175115207373,NA,NA
"Jabour","Neill",0.961251862891207,0.965437788018433,0.834782608695652,NA
"Jabour","Doyle",0.995260663507109,0.987261146496815,0.982788296041308,1
"Jabour","Goodwin",0.997071742313324,0.986175115207373,0.986803519061584,1
"Jabour","Ciccone",0.995192307692308,0.983516483516483,0.986646884272997,1
"Jabour","Weed",0.997054491899853,0.986332574031891,0.986280487804878,1
"Jabour","Conley",0.994117647058824,0.985882352941176,0.987106017191977,1
"Jabour","Hodgson",0.971342383107089,NA,NA,NA
"Jabour","Lombardo",0.990566037735849,0.985148514851485,0.994845360824742,1
"Jabour","Felag",0.992458521870287,0.986175115207373,0.975920679886686,1
"Jabour","Walaska",0.990839694656489,0.983490566037736,0.982428115015974,NA
"Jabour","Pearson",0.987987987987988,0.982188295165394,0.986880466472303,1
"Jabour","Paolino",NA,NA,NA,0.954545454545455
"Jabour","Pichardo",0.989312977099237,0.978494623655914,0.992063492063492,NA
"Jabour","Sheehan",0.980544747081712,0.985401459854015,0.984732824427481,0.976190476190476
"Jabour","Fogarty",0.991816693944354,0.981566820276498,0.987341772151899,1
"Jabour","Miller",0.984894259818731,0.983606557377049,0.986991869918699,1
"Jabour","DiPalma",0.988524590163934,0.983333333333333,0.98300283286119,1
"Jabour","McCaffrey",0.992447129909366,0.981981981981982,0.988555078683834,1
"Jabour","Quezada",NA,NA,NA,1
"Jabour","Bates",0.979166666666667,NA,NA,NA
"Jabour","Ottiano",0.986587183308495,0.985645933014354,NA,NA
"Jabour","Lombardi",0.99406528189911,0.988610478359909,0.987364620938628,1
"Ponte","Pagliarini",NA,NA,0.802325581395349,NA
"Ponte","Gallo",0.991243432574431,0.997084548104956,0.992636229749632,1
"Ponte","Coyne",NA,0.994750656167979,0.997045790251108,1
"Ponte","Morgan",NA,0.929319371727749,0.81057268722467,0.942857142857143
"Ponte","Metts",0.985915492957746,0.994750656167979,0.986686390532544,1
"Ponte","Sosnowski",0.99825479930192,1,0.997084548104956,1
"Ponte","Gee",NA,0.948320413436692,0.925655976676385,0.942857142857143
"Ponte","Lynch",0.994746059544658,1,NA,NA
"Ponte","Neill",0.961335676625659,0.961139896373057,0.833634719710669,NA
"Ponte","Doyle",1,1,0.996422182468694,1
"Ponte","Goodwin",0.998263888888889,1,0.996955859969559,1
"Ponte","Ciccone",1,1,0.989214175654854,1
"Ponte","Weed",0.998251748251748,1,0.998415213946117,1
"Ponte","Conley",0.994773519163763,1,0.992559523809524,1
"Ponte","Hodgson",0.971326164874552,NA,NA,NA
"Ponte","Lombardo",0.99054820415879,1,0.992844364937388,1
"Ponte","Felag",0.98932384341637,1,0.980938416422287,1
"Ponte","Walaska",0.991166077738516,0.997311827956989,0.99505766062603,NA
"Ponte","Pearson",0.991055456171735,0.997191011235955,0.989425981873112,1
"Ponte","Paolino",NA,NA,NA,0.942857142857143
"Ponte","Pichardo",0.985401459854015,0.993846153846154,0.99504132231405,NA
"Ponte","Sheehan",0.982456140350877,1,0.984152139461173,0.96875
"Ponte","Fogarty",0.992172211350294,0.994778067885117,0.992711370262391,1
"Ponte","Miller",0.984070796460177,1,0.994915254237288,1
"Ponte","DiPalma",0.992063492063492,0.997304582210243,0.994126284875184,1
"Ponte","McCaffrey",0.989473684210526,1,0.997037037037037,1
"Ponte","Quezada",NA,NA,NA,1
"Ponte","Bates",0.978723404255319,NA,NA,NA
"Ponte","Ottiano",0.987588652482269,1,NA,NA
"Ponte","Lombardi",0.994736842105263,0.997422680412371,0.996240601503759,1
"Pagliarini","Gallo",NA,NA,0.80225988700565,NA
"Pagliarini","Coyne",NA,NA,0.792372881355932,NA
"Pagliarini","Morgan",NA,NA,0.925561797752809,NA
"Pagliarini","Metts",NA,NA,0.784090909090909,NA
"Pagliarini","Sosnowski",NA,NA,0.792189679218968,NA
"Pagliarini","Gee",NA,NA,0.859135285913529,NA
"Pagliarini","Lynch",NA,NA,NA,NA
"Pagliarini","Neill",NA,NA,0.920138888888889,NA
"Pagliarini","Doyle",NA,NA,0.784982935153584,NA
"Pagliarini","Goodwin",NA,NA,0.787790697674419,NA
"Pagliarini","Ciccone",NA,NA,0.789705882352941,NA
"Pagliarini","Weed",NA,NA,0.791540785498489,NA
"Pagliarini","Conley",NA,NA,0.793741109530583,NA
"Pagliarini","Hodgson",NA,NA,NA,NA
"Pagliarini","Lombardo",NA,NA,0.816151202749141,NA
"Pagliarini","Felag",NA,NA,0.808988764044944,NA
"Pagliarini","Walaska",NA,NA,0.805071315372425,NA
"Pagliarini","Pearson",NA,NA,0.796242774566474,NA
"Pagliarini","Paolino",NA,NA,NA,NA
"Pagliarini","Pichardo",NA,NA,0.798425196850394,NA
"Pagliarini","Sheehan",NA,NA,0.797276853252648,NA
"Pagliarini","Fogarty",NA,NA,0.799163179916318,NA
"Pagliarini","Miller",NA,NA,0.797101449275362,NA
"Pagliarini","DiPalma",NA,NA,0.787921348314607,NA
"Pagliarini","McCaffrey",NA,NA,0.791489361702128,NA
"Pagliarini","Quezada",NA,NA,NA,NA
"Pagliarini","Bates",NA,NA,NA,NA
"Pagliarini","Ottiano",NA,NA,NA,NA
"Pagliarini","Lombardi",NA,NA,0.810810810810811,NA
"Gallo","Coyne",NA,0.99234693877551,0.995695839311334,1
"Gallo","Morgan",NA,0.922879177377892,0.81169757489301,0.933333333333333
"Gallo","Metts",0.983532934131736,0.994884910485934,0.984126984126984,1
"Gallo","Sosnowski",0.996955859969559,0.997347480106101,0.995750708215297,1
"Gallo","Gee",NA,0.948849104859335,0.919377652050919,0.933333333333333
"Gallo","Lynch",0.991111111111111,0.997422680412371,NA,NA
"Gallo","Neill",0.957957957957958,0.958762886597938,0.833333333333333,NA
"Gallo","Doyle",0.995230524642289,1,0.99304347826087,1
"Gallo","Goodwin",0.994108983799705,0.997442455242967,0.995575221238938,1
"Gallo","Ciccone",0.995192307692308,0.996865203761755,0.994020926756353,1
"Gallo","Weed",0.994074074074074,0.997455470737914,0.996932515337423,1
"Gallo","Conley",0.997041420118343,0.99740932642487,0.995664739884393,1
"Gallo","Hodgson",0.968181818181818,NA,NA,NA
"Gallo","Lombardo",0.993670886075949,0.997267759562842,0.994827586206897,1
"Gallo","Felag",0.986342943854325,0.997429305912596,0.984308131241084,1
"Gallo","Walaska",0.987711213517665,0.994694960212202,0.992012779552716,NA
"Gallo","Pearson",0.984894259818731,0.994413407821229,0.995594713656388,1
"Gallo","Paolino",NA,NA,NA,0.931034482758621
"Gallo","Pichardo",0.989247311827957,0.990963855421687,0.995222929936306,NA
"Gallo","Sheehan",0.980430528375734,0.997395833333333,0.983076923076923,1
"Gallo","Fogarty",0.99505766062603,0.992287917737789,0.995750708215297,1
"Gallo","Miller",0.993939393939394,0.994818652849741,0.99672131147541,1
"Gallo","DiPalma",0.985172981878089,0.994652406417112,0.992867332382311,1
"Gallo","McCaffrey",0.998480243161094,0.996575342465753,0.997122302158273,1
"Gallo","Quezada",NA,NA,NA,1
"Gallo","Bates",0.976011994002999,NA,NA,NA
"Gallo","Ottiano",0.989520958083832,0.997354497354497,NA,NA
"Gallo","Lombardi",0.994029850746269,0.994910941475827,0.998178506375228,1
"Coyne","Morgan",NA,0.937062937062937,0.804843304843305,0.925
"Coyne","Metts",NA,0.990588235294118,0.988472622478386,0.975
"Coyne","Sosnowski",NA,0.995215311004785,1,1
"Coyne","Gee",NA,0.96046511627907,0.920679886685552,0.952380952380952
"Coyne","Lynch",NA,0.995327102803738,NA,NA
"Coyne","Neill",NA,0.964953271028037,0.833625218914186,NA
"Coyne","Doyle",NA,0.993610223642173,0.996581196581197,1
"Coyne","Goodwin",NA,0.995327102803738,1,1
"Coyne","Ciccone",NA,0.994413407821229,0.992526158445441,1
"Coyne","Weed",NA,0.995381062355658,1,1
"Coyne","Conley",NA,0.995226730310263,0.992774566473988,1
"Coyne","Hodgson",NA,NA,NA,NA
"Coyne","Lombardo",NA,0.99748743718593,0.993006993006993,1
"Coyne","Felag",NA,0.995327102803738,0.981455064194009,1
"Coyne","Walaska",NA,0.992805755395683,0.996779388083736,NA
"Coyne","Pearson",NA,0.992248062015504,0.992711370262391,1
"Coyne","Paolino",NA,NA,NA,0.952380952380952
"Coyne","Pichardo",NA,0.989041095890411,0.998397435897436,NA
"Coyne","Sheehan",NA,0.995037220843672,0.984639016897081,0.975
"Coyne","Fogarty",NA,0.995327102803738,0.994334277620397,1
"Coyne","Miller",NA,0.992941176470588,0.99672131147541,1
"Coyne","DiPalma",NA,0.992753623188406,0.997163120567376,1
"Coyne","McCaffrey",NA,0.99388379204893,1,1
"Coyne","Quezada",NA,NA,NA,1
"Coyne","Bates",NA,NA,NA,NA
"Coyne","Ottiano",NA,0.995145631067961,NA,NA
"Coyne","Lombardi",NA,0.993071593533487,0.996336996336996,1
"Morgan","Metts",NA,0.927400468384075,0.793400286944046,0.923076923076923
"Morgan","Sosnowski",NA,0.935251798561151,0.804225352112676,0.918918918918919
"Morgan","Gee",NA,0.955916473317865,0.887323943661972,0.975609756097561
"Morgan","Lynch",NA,0.932400932400932,NA,NA
"Morgan","Neill",NA,0.955710955710956,0.963350785340314,NA
"Morgan","Doyle",NA,0.938511326860841,0.795180722891566,0.88
"Morgan","Goodwin",NA,0.932400932400932,0.798825256975037,0.941176470588235
"Morgan","Ciccone",NA,0.927576601671309,0.801186943620178,0.928571428571429
"Morgan","Weed",NA,0.933179723502304,0.803353658536585,0.942857142857143
"Morgan","Conley",NA,0.930952380952381,0.801724137931034,0.928571428571429
"Morgan","Hodgson",NA,NA,NA,NA
"Morgan","Lombardo",NA,0.9325,0.835355285961872,0.928571428571429
"Morgan","Felag",NA,0.932400932400932,0.819858156028369,0.925
"Morgan","Walaska",NA,0.937799043062201,0.825320512820513,NA
"Morgan","Pearson",NA,0.935567010309278,0.810495626822157,0.928571428571429
"Morgan","Paolino",NA,NA,NA,0.975609756097561
"Morgan","Pichardo",NA,0.923497267759563,0.807631160572337,NA
"Morgan","Sheehan",NA,0.928217821782178,0.808868501529052,0.897435897435897
"Morgan","Fogarty",NA,0.944186046511628,0.807042253521127,0.928571428571429
"Morgan","Miller",NA,0.933649289099526,0.798373983739837,0.928571428571429
"Morgan","DiPalma",NA,0.932530120481928,0.8,0.925
"Morgan","McCaffrey",NA,0.924242424242424,0.802292263610315,0.928571428571429
"Morgan","Quezada",NA,NA,NA,0.926829268292683
"Morgan","Bates",NA,NA,NA,NA
"Morgan","Ottiano",NA,0.932203389830508,NA,NA
"Morgan","Lombardi",NA,0.931034482758621,0.827272727272727,0.926829268292683
"Metts","Sosnowski",0.986175115207373,0.995180722891566,0.988620199146515,0.972972972972973
"Metts","Gee",NA,0.948717948717949,0.911680911680912,0.926829268292683
"Metts","Lynch",0.980538922155689,0.995316159250585,NA,NA
"Metts","Neill",0.948717948717949,0.960187353629977,0.825088339222615,NA
"Metts","Doyle",0.993579454253612,0.993464052287582,0.989528795811518,0.964285714285714
"Metts","Goodwin",0.983655274888559,0.995348837209302,0.988112927191679,0.970588235294118
"Metts","Ciccone",0.990049751243781,0.994397759103641,0.980509745127436,1
"Metts","Weed",0.98355754857997,0.99537037037037,0.989180834621329,1
"Metts","Conley",0.986567164179105,0.995249406175772,0.982558139534884,0.976190476190476
"Metts","Hodgson",0.96030534351145,NA,NA,NA
"Metts","Lombardo",0.984076433121019,0.994962216624685,0.980735551663748,0.976190476190476
"Metts","Felag",0.978625954198473,0.995316159250585,0.972740315638451,0.975
"Metts","Walaska",0.976816074188563,0.992788461538462,0.983870967741935,NA
"Metts","Pearson",0.977134146341463,0.992227979274611,0.980797636632201,0.976190476190476
"Metts","Paolino",NA,NA,NA,0.926829268292683
"Metts","Pichardo",0.987596899224806,0.994505494505495,0.987158908507223,NA
"Metts","Sheehan",0.97843137254902,1,0.975346687211094,0.974358974358974
"Metts","Fogarty",0.985,0.990654205607477,0.982905982905983,0.976190476190476
"Metts","Miller",0.984662576687117,0.995238095238095,0.985221674876847,0.975609756097561
"Metts","DiPalma",0.973333333333333,0.99273607748184,0.991391678622669,0.975
"Metts","McCaffrey",0.983154670750383,1,0.988422575976845,0.976190476190476
"Metts","Quezada",NA,NA,NA,0.975609756097561
"Metts","Bates",0.965204236006051,NA,NA,NA
"Metts","Ottiano",0.975794251134644,0.995133819951338,NA,NA
"Metts","Lombardi",0.980625931445604,0.993071593533487,0.98348623853211,0.975609756097561
"Sosnowski","Gee",NA,0.954869358669834,0.92027972027972,0.948717948717949
"Sosnowski","Lynch",0.996955859969559,1,NA,NA
"Sosnowski","Neill",0.963020030816641,0.969047619047619,0.833333333333333,NA
"Sosnowski","Doyle",0.998371335504886,1,0.996575342465753,1
"Sosnowski","Goodwin",1,1,1,1
"Sosnowski","Ciccone",0.994708994708995,1,0.992625368731563,1
"Sosnowski","Weed",1,1,1,1
"Sosnowski","Conley",1,1,0.992867332382311,1
"Sosnowski","Hodgson",0.973520249221184,NA,NA,NA
"Sosnowski","Lombardo",0.996747967479675,1,0.993127147766323,1
"Sosnowski","Felag",0.992211838006231,1,0.98169014084507,1
"Sosnowski","Walaska",0.993690851735016,0.997542997542998,0.996830427892235,NA
"Sosnowski","Pearson",0.990697674418605,0.997354497354497,0.992753623188406,1
"Sosnowski","Paolino",NA,NA,NA,0.948717948717949
"Sosnowski","Pichardo",0.99211356466877,0.994397759103641,0.998420221169036,NA
"Sosnowski","Sheehan",0.98443579766537,1,0.984848484848485,0.973684210526316
"Sosnowski","Fogarty",0.99492385786802,0.995226730310263,0.993006993006993,1
"Sosnowski","Miller",0.990639625585023,0.997584541062802,0.996768982229402,1
"Sosnowski","DiPalma",0.99151103565365,0.997596153846154,0.997183098591549,1
"Sosnowski","McCaffrey",0.995319812792512,1,1,1
"Sosnowski","Quezada",NA,NA,NA,1
"Sosnowski","Bates",0.981538461538462,NA,NA,NA
"Sosnowski","Ottiano",0.989263803680982,1,NA,NA
"Sosnowski","Lombardi",0.996937212863706,0.997635933806147,0.996396396396396,1
"Gee","Lynch",NA,0.953703703703704,NA,NA
"Gee","Neill",NA,0.956120092378753,0.897391304347826,NA
"Gee","Doyle",NA,0.955271565495208,0.914383561643836,0.925925925925926
"Gee","Goodwin",NA,0.953703703703704,0.918367346938776,0.972222222222222
"Gee","Ciccone",NA,0.950276243093923,0.911634756995582,0.951219512195122
"Gee","Weed",NA,0.954233409610984,0.921212121212121,0.942857142857143
"Gee","Conley",NA,0.955082742316785,0.914407988587732,0.954545454545455
"Gee","Hodgson",NA,NA,NA,NA
"Gee","Lombardo",NA,0.955334987593052,0.936426116838488,0.954545454545455
"Gee","Felag",NA,0.953703703703704,0.916901408450704,0.952380952380952
"Gee","Walaska",NA,0.954869358669834,0.931746031746032,NA
"Gee","Pearson",NA,0.951653944020356,0.920289855072464,0.954545454545455
"Gee","Paolino",NA,NA,NA,1
"Gee","Pichardo",NA,0.94579945799458,0.925984251968504,NA
"Gee","Sheehan",NA,0.950980392156863,0.924242424242424,0.926829268292683
"Gee","Fogarty",NA,0.956018518518518,0.916083916083916,0.954545454545455
"Gee","Miller",NA,0.955294117647059,0.911147011308562,0.953488372093023
"Gee","DiPalma",NA,0.954545454545455,0.916901408450704,0.952380952380952
"Gee","McCaffrey",NA,0.945619335347432,0.918918918918919,0.954545454545455
"Gee","Quezada",NA,NA,NA,0.953488372093023
"Gee","Bates",NA,NA,NA,NA
"Gee","Ottiano",NA,0.952038369304556,NA,NA
"Gee","Lombardi",NA,0.951945080091533,0.936823104693141,0.953488372093023
"Lynch","Neill",0.960960960960961,0.965116279069767,NA,NA
"Lynch","Doyle",0.995230524642289,1,NA,NA
"Lynch","Goodwin",0.997054491899853,1,NA,NA
"Lynch","Ciccone",0.995192307692308,1,NA,NA
"Lynch","Weed",0.997037037037037,1,NA,NA
"Lynch","Conley",0.994082840236686,1,NA,NA
"Lynch","Hodgson",0.974397590361446,NA,NA,NA
"Lynch","Lombardo",0.993670886075949,1,NA,NA
"Lynch","Felag",0.98937784522003,1,NA,NA
"Lynch","Walaska",0.996927803379416,0.997613365155131,NA,NA
"Lynch","Pearson",0.987915407854985,0.997429305912596,NA,NA
"Lynch","Paolino",NA,NA,NA,NA
"Lynch","Pichardo",0.986175115207373,0.994550408719346,NA,NA
"Lynch","Sheehan",0.980582524271845,1,NA,NA
"Lynch","Fogarty",0.993399339933993,0.995348837209302,NA,NA
"Lynch","Miller",0.984802431610942,0.997641509433962,NA,NA
"Lynch","DiPalma",0.988543371522095,0.997596153846154,NA,NA
"Lynch","McCaffrey",0.98936170212766,1,NA,NA
"Lynch","Quezada",NA,NA,NA,NA
"Lynch","Bates",0.979010494752624,NA,NA,NA
"Lynch","Ottiano",0.986607142857143,1,NA,NA
"Lynch","Lombardi",0.994029850746269,0.997701149425287,NA,NA
"Neill","Doyle",0.961722488038278,0.964630225080386,0.828571428571429,NA
"Neill","Goodwin",0.964232488822653,0.965197215777262,0.824497257769653,NA
"Neill","Ciccone",0.96078431372549,0.966759002770083,0.829710144927536,NA
"Neill","Weed",0.964017991004498,0.96551724137931,0.840073529411765,NA
"Neill","Conley",0.961077844311377,0.96437054631829,0.823529411764706,NA
"Neill","Hodgson",0.977029096477795,NA,NA,NA
"Neill","Lombardo",0.963258785942492,0.9625,0.835689045936396,NA
"Neill","Felag",0.963414634146341,0.965116279069767,0.847635726795096,NA
"Neill","Walaska",0.962848297213622,0.968973747016706,0.839506172839506,NA
"Neill","Pearson",0.963302752293578,0.958974358974359,0.838420107719928,NA
"Neill","Paolino",NA,NA,NA,NA
"Neill","Pichardo",0.951788491446345,0.96195652173913,0.842424242424242,NA
"Neill","Sheehan",0.956862745098039,0.962962962962963,0.845864661654135,NA
"Neill","Fogarty",0.962046204620462,0.974418604651163,0.829565217391304,NA
"Neill","Miller",0.950844854070661,0.966903073286052,0.82135523613963,NA
"Neill","DiPalma",0.973333333333333,0.966587112171838,0.83128295254833,NA
"Neill","McCaffrey",0.955792682926829,0.966666666666667,0.830088495575221,NA
"Neill","Quezada",NA,NA,NA,NA
"Neill","Bates",0.97583081570997,NA,NA,NA
"Neill","Ottiano",0.974203338391502,0.963855421686747,NA,NA
"Neill","Lombardi",0.960902255639098,0.967816091954023,0.836734693877551,NA
"Doyle","Goodwin",0.998422712933754,1,0.998198198198198,1
"Doyle","Ciccone",0.994736842105263,1,0.990892531876138,1
"Doyle","Weed",0.998420221169036,1,0.996289424860853,1
"Doyle","Conley",0.998422712933754,1,0.994736842105263,1
"Doyle","Hodgson",0.970731707317073,NA,NA,NA
"Doyle","Lombardo",0.994940978077572,1,0.993348115299335,1
"Doyle","Felag",0.991922455573506,1,0.98448275862069,1
"Doyle","Walaska",0.991789819376026,1,0.99601593625498,NA
"Doyle","Pearson",0.991896272285251,0.996598639455782,0.99290780141844,1
"Doyle","Paolino",NA,NA,NA,0.928571428571429
"Doyle","Pichardo",0.99341021416804,0.992452830188679,0.998098859315589,NA
"Doyle","Sheehan",0.983772819472617,1,0.984877126654064,1
"Doyle","Fogarty",0.993220338983051,0.996763754045307,0.996581196581197,1
"Doyle","Miller",0.988599348534202,1,0.997955010224949,1
"Doyle","DiPalma",0.992895204262877,0.996644295302013,0.996587030716723,1
"Doyle","McCaffrey",0.993537964458804,1,0.998269896193772,1
"Doyle","Quezada",NA,NA,NA,1
"Doyle","Bates",0.97933227344992,NA,NA,NA
"Doyle","Ottiano",0.987179487179487,1,NA,NA
"Doyle","Lombardi",0.9952,0.996815286624204,0.997695852534562,1
"Goodwin","Ciccone",0.995192307692308,1,0.993836671802773,1
"Goodwin","Weed",1,1,1,1
"Goodwin","Conley",0.997063142437592,1,0.994177583697234,1
"Goodwin","Hodgson",0.974397590361446,NA,NA,NA
"Goodwin","Lombardo",0.993720565149137,1,0.994575045207957,1
"Goodwin","Felag",0.992469879518072,1,0.982378854625551,1
"Goodwin","Walaska",0.99390243902439,0.997613365155131,0.996683250414594,NA
"Goodwin","Pearson",0.991004497751124,0.997429305912596,0.993948562783661,1
"Goodwin","Paolino",NA,NA,NA,0.972222222222222
"Goodwin","Pichardo",0.989329268292683,0.994550408719346,1,NA
"Goodwin","Sheehan",0.984466019417476,1,0.984126984126984,0.970588235294118
"Goodwin","Fogarty",0.995090016366612,0.995359628770302,0.994169096209913,1
"Goodwin","Miller",0.987933634992459,0.997635933806147,0.998305084745763,1
"Goodwin","DiPalma",0.991816693944354,0.997607655502392,0.997063142437592,1
"Goodwin","McCaffrey",0.992458521870287,1,1,1
"Goodwin","Quezada",NA,NA,NA,1
"Goodwin","Bates",0.982142857142857,NA,NA,NA
"Goodwin","Ottiano",0.989583333333333,1,NA,NA
"Goodwin","Lombardi",0.997037037037037,0.997701149425287,0.998098859315589,1
"Ciccone","Weed",0.995192307692308,1,0.993589743589744,1
"Ciccone","Conley",0.995145631067961,1,0.992481203007519,1
"Ciccone","Hodgson",0.965686274509804,NA,NA,NA
"Ciccone","Lombardo",0.994565217391304,1,0.994575045207957,1
"Ciccone","Felag",0.974093264248705,1,0.982248520710059,1
"Ciccone","Walaska",0.994791666666667,0.997134670487106,0.991735537190083,NA
"Ciccone","Pearson",0.985,0.996884735202492,0.99388379204893,1
"Ciccone","Paolino",NA,NA,NA,0.951219512195122
"Ciccone","Pichardo",0.995024875621891,0.994252873563218,0.993311036789298,NA
"Ciccone","Sheehan",0.968421052631579,1,0.97626582278481,0.974358974358974
"Ciccone","Fogarty",0.995049504950495,0.994475138121547,0.992636229749632,1
"Ciccone","Miller",0.994949494949495,1,0.993127147766323,1
"Ciccone","DiPalma",0.990338164251208,0.997109826589595,0.989614243323442,1
"Ciccone","McCaffrey",0.994974874371859,1,0.994038748137109,1
"Ciccone","Quezada",NA,NA,NA,1
"Ciccone","Bates",0.974874371859296,NA,NA,NA
"Ciccone","Ottiano",0.975961538461538,1,NA,NA
"Ciccone","Lombardi",0.995073891625616,0.997260273972603,0.994318181818182,1
"Weed","Conley",0.997045790251108,1,0.993808049535604,1
"Weed","Hodgson",0.974242424242424,NA,NA,NA
"Weed","Lombardo",0.993680884676145,1,0.992727272727273,1
"Weed","Felag",0.992424242424242,1,0.981679389312977,1
"Weed","Walaska",0.993865030674847,0.997641509433962,0.996533795493934,NA
"Weed","Pearson",0.990950226244344,0.99746192893401,0.995275590551181,1
"Weed","Paolino",NA,NA,NA,0.941176470588235
"Weed","Pichardo",0.989263803680982,0.994638069705094,0.998272884283247,NA
"Weed","Sheehan",0.984405458089669,1,0.983443708609272,0.970588235294118
"Weed","Fogarty",0.995081967213115,0.995402298850575,0.993939393939394,1
"Weed","Miller",0.987860394537178,0.997663551401869,0.99645390070922,1
"Weed","DiPalma",0.991762767710049,0.997624703087886,0.996946564885496,1
"Weed","McCaffrey",0.992412746585736,1,1,1
"Weed","Quezada",NA,NA,NA,1
"Weed","Bates",0.982035928143713,NA,NA,NA
"Weed","Ottiano",0.989520958083832,1,NA,NA
"Weed","Lombardi",0.997019374068554,0.997727272727273,0.996402877697842,1
"Conley","Hodgson",0.971299093655589,NA,NA,NA
"Conley","Lombardo",0.996845425867508,1,0.998236331569665,1
"Conley","Felag",0.989409984871407,1,0.985652797704448,1
"Conley","Walaska",0.990811638591118,0.997560975609756,0.991883116883117,NA
"Conley","Pearson",0.987951807228916,0.997389033942559,0.994082840236686,1
"Conley","Paolino",NA,NA,NA,0.954545454545455
"Conley","Pichardo",0.992343032159265,0.994413407821229,0.993548387096774,NA
"Conley","Sheehan",0.984375,1,0.97984496124031,0.976190476190476
"Conley","Fogarty",0.995073891625616,0.995249406175772,0.997146932952924,1
"Conley","Miller",0.990909090909091,0.997590361445783,0.996694214876033,1
"Conley","DiPalma",0.988505747126437,0.997542997542998,0.989956958393113,1
"Conley","McCaffrey",0.995454545454545,1,0.995652173913044,1
"Conley","Quezada",NA,NA,NA,1
"Conley","Bates",0.979073243647235,NA,NA,NA
"Conley","Ottiano",0.989536621823617,1,NA,NA
"Conley","Lombardi",0.994047619047619,0.997652582159624,0.998148148148148,1
"Hodgson","Lombardo",0.974151857835218,NA,NA,NA
"Hodgson","Felag",0.972093023255814,NA,NA,NA
"Hodgson","Walaska",0.973270440251572,NA,NA,NA
"Hodgson","Pearson",0.970633693972179,NA,NA,NA
"Hodgson","Paolino",NA,NA,NA,NA
"Hodgson","Pichardo",0.962264150943396,NA,NA,NA
"Hodgson","Sheehan",0.976143141153082,NA,NA,NA
"Hodgson","Fogarty",0.971235194585448,NA,NA,NA
"Hodgson","Miller",0.961119751166407,NA,NA,NA
"Hodgson","DiPalma",0.974832214765101,NA,NA,NA
"Hodgson","McCaffrey",0.96583850931677,NA,NA,NA
"Hodgson","Quezada",NA,NA,NA,NA
"Hodgson","Bates",0.976993865030675,NA,NA,NA
"Hodgson","Ottiano",0.981735159817352,NA,NA,NA
"Hodgson","Lombardi",0.971080669710807,NA,NA,NA
"Lombardo","Felag",0.987301587301587,1,0.980935875216638,1
"Lombardo","Walaska",0.993431855500821,0.997429305912596,0.991273996509599,NA
"Lombardo","Pearson",0.987096774193548,0.997297297297297,0.992831541218638,1
"Lombardo","Paolino",NA,NA,NA,0.954545454545455
"Lombardo","Pichardo",0.988524590163934,0.99406528189911,0.994071146245059,NA
"Lombardo","Sheehan",0.98605577689243,1,0.985130111524164,0.976190476190476
"Lombardo","Fogarty",0.99113475177305,0.99501246882793,0.994836488812392,1
"Lombardo","Miller",0.987012987012987,0.997455470737914,0.995926680244399,1
"Lombardo","DiPalma",0.985815602836879,0.99740932642487,0.989565217391304,1
"Lombardo","McCaffrey",0.991883116883117,1,0.996497373029772,1
"Lombardo","Quezada",NA,NA,NA,1
"Lombardo","Bates",0.9792,NA,NA,NA
"Lombardo","Ottiano",0.9904,1,NA,NA
"Lombardo","Lombardi",0.990476190476191,0.997530864197531,0.996330275229358,1
"Felag","Walaska",0.985915492957746,0.997613365155131,0.985645933014354,NA
"Felag","Pearson",0.989180834621329,0.997429305912596,0.985401459854015,1
"Felag","Paolino",NA,NA,NA,0.952380952380952
"Felag","Pichardo",0.985849056603774,0.994638069705094,0.98256735340729,NA
"Felag","Sheehan",0.98238747553816,1,0.968036529680365,0.975
"Felag","Fogarty",0.991582491582492,0.995348837209302,0.985935302390999,1
"Felag","Miller",0.979782270606532,0.997635933806147,0.985365853658537,1
"Felag","DiPalma",0.986463620981388,0.997596153846154,0.978753541076487,1
"Felag","McCaffrey",0.987616099071207,1,0.984263233190272,1
"Felag","Quezada",NA,NA,NA,1
"Felag","Bates",0.980061349693252,NA,NA,NA
"Felag","Ottiano",0.987730061349693,1,NA,NA
"Felag","Lombardi",0.989345509893455,0.997701149425287,0.983636363636364,1
"Walaska","Pearson",0.9875,0.997354497354497,0.996694214876033,NA
"Walaska","Paolino",NA,NA,NA,NA
"Walaska","Pichardo",0.982484076433121,0.991596638655462,0.996376811594203,NA
"Walaska","Sheehan",0.980237154150198,0.99746835443038,0.981260647359455,NA
"Walaska","Fogarty",0.989795918367347,0.997613365155131,0.992076069730586,NA
"Walaska","Miller",0.984251968503937,0.995145631067961,0.994444444444444,NA
"Walaska","DiPalma",0.986348122866894,0.997530864197531,0.9936,NA
"Walaska","McCaffrey",0.9858934169279,0.996923076923077,0.996768982229402,NA
"Walaska","Quezada",NA,NA,NA,NA
"Walaska","Bates",0.979813664596273,NA,NA,NA
"Walaska","Ottiano",0.989130434782609,0.997518610421836,NA,NA
"Walaska","Lombardi",0.990740740740741,0.995283018867924,0.994535519125683,NA
"Pearson","Paolino",NA,NA,NA,0.954545454545455
"Pearson","Pichardo",0.9796875,0.990990990990991,0.993589743589744,NA
"Pearson","Sheehan",0.986193293885602,0.997311827956989,0.976958525345622,0.976190476190476
"Pearson","Fogarty",0.988215488215488,0.992287917737789,0.995652173913044,1
"Pearson","Miller",0.978328173374613,0.994778067885117,0.994957983193277,1
"Pearson","DiPalma",0.981512605042017,0.994666666666667,0.98978102189781,1
"Pearson","McCaffrey",0.98297213622291,0.996551724137931,0.995581737849779,1
"Pearson","Quezada",NA,NA,NA,1
"Pearson","Bates",0.987786259541985,NA,NA,NA
"Pearson","Ottiano",0.989312977099237,0.997416020671835,NA,NA
"Pearson","Lombardi",0.987841945288754,0.99492385786802,0.99812030075188,1
"Paolino","Pichardo",NA,NA,NA,NA
"Paolino","Sheehan",NA,NA,NA,0.926829268292683
"Paolino","Fogarty",NA,NA,NA,0.954545454545455
"Paolino","Miller",NA,NA,NA,0.953488372093023
"Paolino","DiPalma",NA,NA,NA,0.952380952380952
"Paolino","McCaffrey",NA,NA,NA,0.954545454545455
"Paolino","Quezada",NA,NA,NA,0.953488372093023
"Paolino","Bates",NA,NA,NA,NA
"Paolino","Ottiano",NA,NA,NA,NA
"Paolino","Lombardi",NA,NA,NA,0.953488372093023
"Pichardo","Sheehan",0.977687626774848,0.997093023255814,0.989915966386555,NA
"Pichardo","Fogarty",0.98972602739726,0.989130434782609,0.993680884676145,NA
"Pichardo","Miller",0.984276729559748,0.991735537190083,0.998168498168498,NA
"Pichardo","DiPalma",0.98,0.991501416430595,0.995230524642289,NA
"Pichardo","McCaffrey",0.992138364779874,0.996845425867508,1,NA
"Pichardo","Quezada",NA,NA,NA,NA
"Pichardo","Bates",0.970496894409938,NA,NA,NA
"Pichardo","Ottiano",0.981366459627329,0.994459833795014,NA,NA
"Pichardo","Lombardi",0.986111111111111,0.991935483870968,0.997899159663866,NA
"Sheehan","Fogarty",0.980891719745223,0.995073891625616,0.98030303030303,0.976190476190476
"Sheehan","Miller",0.971830985915493,1,0.981034482758621,0.975609756097561
"Sheehan","DiPalma",0.975446428571429,0.997442455242967,0.981651376146789,0.975
"Sheehan","McCaffrey",0.978388998035363,1,0.984544049459042,0.976190476190476
"Sheehan","Quezada",NA,NA,NA,0.976190476190476
"Sheehan","Bates",0.978131212723658,NA,NA,NA
"Sheehan","Ottiano",0.988235294117647,1,NA,NA
"Sheehan","Lombardi",0.980353634577603,0.997560975609756,0.978515625,0.975609756097561
"Fogarty","Miller",0.989915966386555,0.992924528301887,0.996774193548387,1
"Fogarty","DiPalma",0.988909426987061,0.992788461538462,0.990140845070423,1
"Fogarty","McCaffrey",0.993288590604027,0.996978851963746,0.995732574679943,1
"Fogarty","Quezada",NA,NA,NA,1
"Fogarty","Bates",0.978333333333333,NA,NA,NA
"Fogarty","Ottiano",0.986776859504132,0.995169082125604,NA,NA
"Fogarty","Lombardi",0.993355481727575,0.993119266055046,0.998194945848375,1
"Miller","DiPalma",0.978003384094755,0.995110024449878,0.993485342019544,1
"Miller","McCaffrey",0.992248062015504,0.996923076923077,1,1
"Miller","Quezada",NA,NA,NA,1
"Miller","Bates",0.969278033794163,NA,NA,NA
"Miller","Ottiano",0.986175115207373,0.997549019607843,NA,NA
"Miller","Lombardi",0.987767584097859,0.995327102803738,1,1
"DiPalma","McCaffrey",0.984771573604061,0.996835443037975,0.997138769670958,1
"DiPalma","Quezada",NA,NA,NA,1
"DiPalma","Bates",0.978369384359401,NA,NA,NA
"DiPalma","Ottiano",0.981788079470199,0.9975,NA,NA
"DiPalma","Lombardi",0.988372093023256,0.995249406175772,0.992700729927007,1
"McCaffrey","Quezada",NA,NA,NA,1
"McCaffrey","Bates",0.973886328725038,NA,NA,NA
"McCaffrey","Ottiano",0.987711213517665,1,NA,NA
"McCaffrey","Lombardi",0.989296636085627,0.997014925373134,1,1
"Quezada","Bates",NA,NA,NA,NA
"Quezada","Ottiano",NA,NA,NA,NA
"Quezada","Lombardi",NA,NA,NA,1
"Bates","Ottiano",0.992424242424242,NA,NA,NA
"Bates","Lombardi",0.978883861236802,NA,NA,NA
"Ottiano","Lombardi",0.986425339366516,0.997613365155131,NA,NA
